日期,股票代码,名称,收盘价,最高价,最低价,开盘价,前收盘,涨跌额,涨跌幅,换手率,成交量,成交金额,总市值,流通市值
2008/12/31,'600690,青岛海尔,8.99,9.11,8.95,9,8.96,0.03,0.3348,0.4344,3282930,29620509,12033283742,6793696908
2008/12/30,'600690,青岛海尔,8.96,9.14,8.95,9.14,9.11,-0.15,-1.6465,0.8335,6298338,56876598,11993128179,6771026062
2008/12/29,'600690,青岛海尔,9.11,9.15,8.72,9.04,9.08,0.03,0.3304,0.5105,3857607,34625145,12193905995,6884380293
2008/12/26,'600690,青岛海尔,9.08,9.25,8.97,9.15,9.14,-0.06,-0.6565,0.4644,3509386,31741639,12153750432,6861709447
2008/12/25,'600690,青岛海尔,9.14,9.54,9.1,9.3,9.14,0,0,1.0517,7947308,74469400,12234061558,6907051139
2008/12/24,'600690,青岛海尔,9.14,9.28,8.96,9.03,9.07,0.07,0.7718,0.6464,4885165,44697401,12234061558,6907051139
2008/12/23,'600690,青岛海尔,9.07,9.68,9.01,9.68,9.6,-0.53,-5.5208,0.9348,7064020,66358435,12140365244,6854152498
2008/12/22,'600690,青岛海尔,9.6,9.98,9.49,9.9,9.95,-0.35,-3.5176,1.2419,9385143,90804021,12849780192,7254670781
2008/12/19,'600690,青岛海尔,9.95,10.01,9.81,9.81,9.8,0.15,1.5306,0.6301,4761519,47327292,13318261762,7519163986
2008/12/18,'600690,青岛海尔,9.8,9.9,9.63,9.8,9.77,0.03,0.3071,0.4235,3200273,31248875,13117483946,7405809755
2008/12/17,'600690,青岛海尔,9.77,10.01,9.75,9.87,9.85,-0.08,-0.8122,0.5825,4401710,43578121,13077328383,7383138909
2008/12/16,'600690,青岛海尔,9.85,9.92,9.28,9.38,9.36,0.49,5.235,1.2641,9552706,92225960,13184409885,7443594499
2008/12/15,'600690,青岛海尔,9.36,9.66,9.3,9.48,9.42,-0.06,-0.6369,0.9277,7010691,66090788,12528535687,7073304011
2008/12/12,'600690,青岛海尔,9.42,9.74,9.3,9.55,9.75,-0.33,-3.3846,0.88,6650349,62917097,12608846813,7118645704
2008/12/11,'600690,青岛海尔,9.75,10.3,9.74,10.07,10.02,-0.27,-2.6946,0.9773,7385471,74107252,13050558008,7368025012
2008/12/10,'600690,青岛海尔,10.02,10.06,9.79,9.87,9.89,0.13,1.3145,0.7778,5877873,58497321,13411958075,7572062627
2008/12/9,'600690,青岛海尔,9.89,10.39,9.87,10.39,10.34,-0.45,-4.352,1.2793,9667887,97391259,13237950635,7473822294
2008/12/8,'600690,青岛海尔,10.34,10.5,10.1,10.12,10.1,0.24,2.3762,1.5175,11467559,118027702,13840284082,7813884987
2008/12/5,'600690,青岛海尔,10.1,10.2,9.81,9.89,9.99,0.11,1.1011,0.9893,7476052,75152390,13519039577,7632518217
2008/12/4,'600690,青岛海尔,9.99,10.36,9.95,10.16,9.96,0.03,0.3012,2.8802,21765678,222052834,13371802512,7549391781
2008/12/3,'600690,青岛海尔,9.96,10.11,9.55,9.67,9.65,0.31,3.2124,2.8254,21351059,211454436,13331646949,7526720935
2008/12/2,'600690,青岛海尔,9.65,9.98,9,9.05,9.27,0.38,4.0992,4.4909,33937175,325541234,12916706131,7292455524
2008/12/1,'600690,青岛海尔,9.27,9.65,9.09,9.3,8.96,0.31,3.4598,2.654,20056021,186534474,12408068998,7005291473
2008/11/28,'600690,青岛海尔,8.96,9.05,8.83,8.84,8.98,-0.02,-0.2227,0.6094,4605502,41238043,11993128179,6771026062
2008/11/27,'600690,青岛海尔,8.98,9.4,8.84,9.28,8.68,0.3,3.4562,1.6918,12784724,116520877,12019898555,6786139960
2008/11/26,'600690,青岛海尔,8.68,8.82,8.54,8.73,8.79,-0.11,-1.2514,0.3725,2815017,24382469,11618342924,6559431498
2008/11/25,'600690,青岛海尔,8.79,9.02,8.52,8.91,8.81,-0.02,-0.227,0.5237,3957363,34749469,11765579988,6642557934
2008/11/24,'600690,青岛海尔,8.81,9.29,8.72,8.9,9,-0.19,-2.1111,0.8148,6157201,55312661,11792350364,6657671831
2008/11/21,'600690,青岛海尔,9,9.32,8.7,9,9.28,-0.28,-3.0172,1.4776,11166394,99821941,12046668930,6801253857
2008/11/20,'600690,青岛海尔,9.28,9.52,9.11,9.11,8.69,0.59,6.7894,3.4647,26182669,243487954,12421454186,7012848421
2008/11/19,'600690,青岛海尔,8.69,8.79,8.2,8.2,8.2,0.49,5.9756,0.6599,4986464,42522506,11631728111,6566988446
2008/11/18,'600690,青岛海尔,8.2,8.99,8.19,8.94,9.09,-0.89,-9.791,1.0752,8125561,70431695,10975853914,6196697959
2008/11/17,'600690,青岛海尔,9.09,9.18,8.74,8.88,9,0.09,1,1.7696,13372627,118706342,12167135619,6869266396
2008/11/14,'600690,青岛海尔,9,9.12,8.64,8.8,8.7,0.3,3.4483,0.9912,7490333,66443219,12046668930,6801253857
2008/11/13,'600690,青岛海尔,8.7,8.8,8.26,8.3,8.4,0.3,3.5714,0.7948,6006565,51471492,11645113299,6574545395
2008/11/12,'600690,青岛海尔,8.4,8.5,8.18,8.26,8.38,0.02,0.2387,0.8737,6602575,55058740,11243557668,6347836933
2008/11/11,'600690,青岛海尔,8.38,8.66,8.2,8.34,8.41,-0.03,-0.3567,0.7432,5616698,47489814,11216787293,6332723036
2008/11/10,'600690,青岛海尔,8.41,8.45,8.01,8.03,7.91,0.5,6.3211,0.8697,6572441,54171964,11256942856,6355393882
2008/11/7,'600690,青岛海尔,7.91,8,7.6,7.69,7.81,0.1,1.2804,0.277,2093406,16527780,10587683471,5977546445
2008/11/6,'600690,青岛海尔,7.81,7.91,7.65,7.85,8,-0.19,-2.375,0.3419,2583830,20153648,10453831594,5901976958
2008/11/5,'600690,青岛海尔,8,8.18,7.89,7.95,7.87,0.13,1.6518,0.3092,2336351,18782740,10708150160,6045558984
2008/11/4,'600690,青岛海尔,7.87,7.94,7.71,7.9,7.86,0.01,0.1272,0.3347,2529554,19818872,10534142720,5947318651
2008/11/3,'600690,青岛海尔,7.86,8.2,7.81,7.81,7.94,-0.08,-1.0076,0.6679,5047202,40735689,10520757532,5939761702
2008/10/31,'600690,青岛海尔,7.94,8.05,7.81,7.9,7.91,0.03,0.3793,0.3904,2950317,23510016,10627839034,6000217292
2008/10/30,'600690,青岛海尔,7.91,8.09,7.62,7.92,7.85,0.06,0.7643,0.6291,4754273,37760879,10587683471,5977546445
2008/10/29,'600690,青岛海尔,7.85,7.98,7.76,7.76,7.69,0.16,2.0806,0.7914,5980753,47054315,10507372345,5932204753
2008/10/28,'600690,青岛海尔,7.69,7.7,7.3,7.4,7.49,0.2,2.6702,0.4205,3177446,24078392,10293209341,5811293573
2008/10/27,'600690,青岛海尔,7.49,7.86,7.38,7.72,7.87,-0.38,-4.8285,0.7791,5887344,44846076,10025505587,5660154599
2008/10/24,'600690,青岛海尔,7.87,7.95,7.75,7.75,7.82,0.05,0.6394,0.5841,4414077,34691505,10534142720,5947318651
2008/10/23,'600690,青岛海尔,7.82,7.9,7.38,7.38,7.57,0.25,3.3025,0.8688,6565329,50873266,10467216781,5909533907
2008/10/22,'600690,青岛海尔,7.57,7.85,7.38,7.4,7.45,0.12,1.6107,0.7791,5887334,45119607,10132587089,5720610189
2008/10/21,'600690,青岛海尔,7.45,7.63,7.33,7.4,7.34,0.11,1.4986,0.8482,6409913,48161221,9971964837,5629926804
2008/10/20,'600690,青岛海尔,7.34,7.4,6.9,7.21,7.21,0.13,1.8031,0.6406,4841212,34707602,9824727772,5546800368
2008/10/17,'600690,青岛海尔,7.21,7.5,7.15,7.44,7.43,-0.22,-2.961,0.4414,3335640,24339635,9650720332,5448560034
2008/10/16,'600690,青岛海尔,7.43,7.58,7.4,7.48,7.79,-0.36,-4.6213,0.5289,3996894,29913140,9945194461,5614812906
2008/10/15,'600690,青岛海尔,7.79,7.86,7.65,7.8,7.81,-0.02,-0.2561,0.292,2206577,17096072,10427061218,5886863061
2008/10/14,'600690,青岛海尔,7.81,8.22,7.8,8.2,7.87,-0.06,-0.7624,0.6917,5227297,42148232,10453831594,5901976958
2008/10/13,'600690,青岛海尔,7.87,7.89,7.47,7.58,7.69,0.18,2.3407,0.7285,5505523,42456228,10534142720,5947318651
2008/10/10,'600690,青岛海尔,7.69,7.88,7.68,7.8,8.11,-0.42,-5.1788,0.8031,6069325,47088086,10293209341,5811293573
2008/10/9,'600690,青岛海尔,8.11,8.6,8.1,8.6,8.39,-0.28,-3.3373,0.4256,3216372,26800976,10855387225,6128685420
2008/10/8,'600690,青岛海尔,8.39,8.66,8.33,8.5,8.73,-0.34,-3.8946,0.5494,4151875,35104227,11230172480,6340279984
2008/10/7,'600690,青岛海尔,8.73,8.92,8.35,8.38,8.77,-0.04,-0.4561,0.38,2871464,24911953,11685268862,6597216241
2008/10/6,'600690,青岛海尔,8.77,9,8.64,9,9.11,-0.34,-3.7322,0.5599,4230810,37288678,11738809613,6627444036
2008/9/26,'600690,青岛海尔,9.11,9.28,9.02,9.24,9.11,0,0,0.9658,7298470,66828053,12193905995,6884380293
2008/9/25,'600690,青岛海尔,9.11,9.72,8.83,8.87,8.84,0.27,3.0543,2.8988,21906388,205004396,12193905995,6884380293
2008/9/24,'600690,青岛海尔,8.84,8.85,8.5,8.7,8.8,0.04,0.4545,0.5745,4341204,37476893,11832505927,6680342677
2008/9/23,'600690,青岛海尔,8.8,9.1,8.78,8.91,9.41,-0.61,-6.4825,0.7899,5969033,53289712,11778965176,6650114882
2008/9/22,'600690,青岛海尔,9.41,9.72,8.85,9.28,8.89,0.52,5.8493,2.5661,19391725,181125839,12595461626,7111088755
2008/9/19,'600690,青岛海尔,8.89,8.89,8.71,8.89,8.08,0.81,10.0248,1.4306,10811251,95979379,11899431865,6718127421
2008/9/18,'600690,青岛海尔,8.08,8.37,7.7,8.37,8.54,-0.46,-5.3864,0.7586,5732449,45970044,10815231662,6106014574
2008/9/17,'600690,青岛海尔,8.54,8.87,8.42,8.7,8.81,-0.27,-3.0647,0.4352,3288802,28309383,11430950296,6453634215
2008/9/16,'600690,青岛海尔,8.81,8.93,8.61,8.87,8.82,-0.01,-0.1134,0.544,4111183,36248947,11792350364,6657671831
2008/9/12,'600690,青岛海尔,8.82,8.92,8.51,8.6,8.6,0.22,2.5581,0.3477,2627651,23148870,11805735551,6665228780
2008/9/11,'600690,青岛海尔,8.6,8.85,8.52,8.8,8.8,-0.2,-2.2727,0.1924,1453706,12570367,11511261422,6498975908
2008/9/10,'600690,青岛海尔,8.8,8.96,8.48,8.65,8.71,0.09,1.0333,0.3628,2741694,24041853,11778965176,6650114882
2008/9/9,'600690,青岛海尔,8.71,8.72,8.45,8.46,8.43,0.28,3.3215,0.4246,3208492,27549483,11658498487,6582102344
2008/9/8,'600690,青岛海尔,8.43,8.8,8.41,8.71,8.71,-0.28,-3.2147,0.4213,3183375,27362583,11283713231,6370507779
2008/9/5,'600690,青岛海尔,8.71,8.93,8.61,8.8,9.03,-0.32,-3.5437,0.4805,3630912,31870490,11658498487,6582102344
2008/9/4,'600690,青岛海尔,9.03,9.15,8.93,8.99,8.99,0.04,0.4449,0.3339,2523341,22766382,12086824493,6823924703
2008/9/3,'600690,青岛海尔,8.99,9.14,8.8,9.02,9.06,-0.07,-0.7726,0.4859,3671600,32732199,12033283742,6793696908
2008/9/2,'600690,青岛海尔,9.06,9.32,8.9,9.3,9.31,-0.25,-2.6853,0.8981,6787207,61418484,12126980056,6846595549
2008/9/1,'600690,青岛海尔,9.31,9.64,9.21,9.64,9.65,-0.34,-3.5233,0.3862,2918584,27319949,12461609749,7035519268
2008/8/29,'600690,青岛海尔,9.65,9.85,9.4,9.48,9.44,0.21,2.2246,0.5015,3789630,36531204,12916706131,7292455524
2008/8/28,'600690,青岛海尔,9.44,9.7,9.21,9.34,9.39,0.05,0.5325,0.4091,3091538,29349877,12635617189,7133759601
2008/8/27,'600690,青岛海尔,9.39,9.7,9.1,9.51,9.57,-0.18,-1.8809,0.3853,2911368,27398475,12568691250,7095974857
2008/8/26,'600690,青岛海尔,9.57,9.8,9.29,9.72,9.89,-0.32,-3.2356,0.5451,4118919,39197897,12809624629,7231999935
2008/8/25,'600690,青岛海尔,9.89,10.1,9.54,9.68,9.58,0.31,3.2359,0.6129,4631595,45850370,13237950635,7473822294
2008/8/22,'600690,青岛海尔,9.58,9.95,9.07,9.68,9.87,-0.29,-2.9382,0.8427,6368480,59840340,12823009817,7239556883
2008/8/21,'600690,青岛海尔,9.87,10.38,9.8,10.3,10.47,-0.6,-5.7307,0.9733,7355032,74170551,13211180260,7458708397
2008/8/20,'600690,青岛海尔,10.47,10.5,9.66,9.66,9.85,0.62,6.2944,1.5604,11792203,121448319,14014291522,7912125320
2008/8/19,'600690,青岛海尔,9.85,9.93,8.85,8.85,9.07,0.78,8.5998,1.1487,8680968,83148118,13184409885,7443594499
2008/8/18,'600690,青岛海尔,9.07,9.55,8.86,9.38,9.38,-0.31,-3.3049,0.55,4156058,38338860,12140365244,6854152498
2008/8/15,'600690,青岛海尔,9.38,9.46,9.02,9.16,9.09,0.29,3.1903,0.528,3990178,37116324,12555306063,7088417909
2008/8/14,'600690,青岛海尔,9.09,9.15,8.81,8.87,9,0.09,1,0.3897,2944936,26613403,12167135619,6869266396
2008/8/13,'600690,青岛海尔,9,9.11,8.02,8.87,8.87,0.13,1.4656,0.6832,5162563,44803316,12046668930,6801253857
2008/8/12,'600690,青岛海尔,0,0,0,0,8.87,None,None,0,0,0,11872661490,6703013524
2008/8/11,'600690,青岛海尔,8.87,9.65,8.75,9.51,9.51,-0.64,-6.7298,1.1707,8847199,79618531,11872661490,6703013524
2008/8/8,'600690,青岛海尔,9.51,10.52,9.49,10.42,10.28,-0.77,-7.4903,0.9054,6842210,68399251,12729313503,7186658242
2008/8/7,'600690,青岛海尔,10.28,10.44,9.95,10.11,10.25,0.03,0.2927,0.6397,4833821,49136482,13759972956,7768543294
2008/8/6,'600690,青岛海尔,10.25,10.8,9.92,10.68,10.6,-0.35,-3.3019,1.3536,10229104,105111570,13719817393,7745872448
2008/8/5,'600690,青岛海尔,10.6,10.85,10.51,10.7,10.61,-0.01,-0.0943,0.6166,4659378,49632421,14188298962,8010365654
2008/8/4,'600690,青岛海尔,10.61,10.97,10.51,10.73,10.69,-0.08,-0.7484,0.5055,3819687,41055598,14201684150,8017922603
2008/8/1,'600690,青岛海尔,10.69,11.01,10.4,10.74,10.99,-0.3,-2.7298,1.4925,11279033,120725439,14308765651,8078378192
2008/7/31,'600690,青岛海尔,10.99,11.1,10.59,10.86,10.84,0.15,1.3838,1.3042,9856141,107493994,14710321282,8305086654
2008/7/30,'600690,青岛海尔,10.84,11.11,10.65,11.08,10.85,-0.01,-0.0922,0.5541,4187293,45430914,14509543467,8191732423
2008/7/29,'600690,青岛海尔,10.85,10.98,10.62,10.98,11.09,-0.24,-2.1641,1.4178,10713979,115471194,14522928655,8199289372
2008/7/28,'600690,青岛海尔,11.09,11.49,10.96,11.2,11,0.09,0.8182,1.4734,11134392,124705546,14844173159,8380656142
2008/7/25,'600690,青岛海尔,11,11.2,10.82,10.97,11,0,0,1.455,10995545,120937006,14723706470,8312643603
2008/7/24,'600690,青岛海尔,11,11.33,10.9,11.03,10.9,0.1,0.9174,2.9179,22050126,244987027,14723706470,8312643603
2008/7/23,'600690,青岛海尔,10.9,11.14,10.35,10.35,10.3,0.6,5.8252,3.3226,25108465,271026945,14589854593,8237074116
2008/7/22,'600690,青岛海尔,10.3,10.65,10,10.25,10.23,0.07,0.6843,2.2085,16689164,173691092,13786743331,7783657192
2008/7/21,'600690,青岛海尔,10.23,10.25,9.39,9.44,9.44,0.79,8.3686,1.7231,13021303,129746442,13693047017,7730758551
2008/7/18,'600690,青岛海尔,9.44,9.49,8.95,9.12,9.04,0.4,4.4248,0.7703,5821309,53553319,12635617189,7133759601
2008/7/17,'600690,青岛海尔,9.04,9.59,8.95,9.51,9.32,-0.28,-3.0043,0.9264,7000981,65102125,12100209681,6831481652
2008/7/16,'600690,青岛海尔,9.32,9.89,9.18,9.49,9.54,-0.22,-2.3061,1.211,9151495,86623288,12474994936,7043076216
2008/7/15,'600690,青岛海尔,9.54,10.2,9.53,10.04,10.04,-0.5,-4.9801,1.2383,9357844,91134150,12769469066,7209329088
2008/7/14,'600690,青岛海尔,10.04,10.15,9.7,9.75,9.9,0.14,1.4141,0.6517,4925102,49102705,13438728451,7587176525
2008/7/11,'600690,青岛海尔,9.9,9.95,9.66,9.89,9.95,-0.05,-0.5025,1.0652,8049612,78904729,13251335823,7481379243
2008/7/10,'600690,青岛海尔,9.95,10.33,9.94,10.21,10.39,-0.44,-4.2348,1.8686,14120715,143595301,13318261762,7519163986
2008/7/9,'600690,青岛海尔,10.39,10.43,10.03,10.18,10.17,0.22,2.1632,1.7709,13382270,137038929,13907210020,7851669730
2008/7/8,'600690,青岛海尔,10.17,10.2,9.71,9.89,9.79,0.38,3.8815,2.2517,17016186,169658993,13612735891,7685416858
2008/7/7,'600690,青岛海尔,9.79,9.9,9.11,9.11,9.11,0.68,7.4643,2.1723,16416296,159059895,13104098758,7398252807
2008/7/4,'600690,青岛海尔,9.11,9.4,8.99,9.32,9.39,-0.28,-2.9819,1.7432,13172979,120639501,12193905995,6884380293
2008/7/3,'600690,青岛海尔,9.39,9.65,8.65,8.88,9.05,0.34,3.7569,2.5122,18984541,175488795,12568691250,7095974857
2008/7/2,'600690,青岛海尔,9.05,9.15,8.61,8.93,8.95,0.1,1.1173,1.4874,11240090,100718293,12113594869,6839038601
2008/7/1,'600690,青岛海尔,8.95,9.2,8.83,8.88,8.84,0.11,1.2443,1.8002,13603753,122610011,11979742992,6763469113
2008/6/30,'600690,青岛海尔,8.84,9.13,8.55,8.95,9.13,-0.29,-3.1763,1.498,11320292,100788221,11832505927,6680342677
2008/6/27,'600690,青岛海尔,9.13,9.29,8.33,8.8,8.74,0.39,4.4622,2.6361,19921246,177999966,12220676370,6899494190
2008/6/26,'600690,青岛海尔,0,0,0,0,8.74,None,None,0,0,0,11698654050,6604773190
2008/6/25,'600690,XD青岛海,0,0,0,0,8.74,None,None,0,0,0,11698654050,6604773190
2008/6/24,'600690,青岛海尔,8.94,9.05,8.42,8.42,8.51,0.43,5.0529,1.1288,8530035,74873842,11966357804,6755912165
2008/6/23,'600690,青岛海尔,8.51,8.61,8.2,8.28,8.49,0.02,0.2356,0.687,5191409,43989033,11390794733,6430963369
2008/6/20,'600690,青岛海尔,8.49,9.16,8.02,8.49,8.34,0.15,1.7986,1.9699,14886197,128311950,11364024357,6415849472
2008/6/19,'600690,青岛海尔,8.34,9.35,8.34,9.23,9.27,-0.93,-10.0324,1.2824,9690721,85965552,11163246542,6302495241
2008/6/18,'600690,青岛海尔,9.27,9.29,8.2,8.39,8.45,0.82,9.7041,1.462,11048127,97673794,12408068998,7005291473
2008/6/17,'600690,青岛海尔,8.45,9.09,8.39,8.9,9.01,-0.56,-6.2153,0.9875,7462637,65002847,11310483607,6385621677
2008/6/16,'600690,青岛海尔,9.01,9.5,8.83,9.35,9.33,-0.32,-3.4298,0.8186,6186467,56359310,12060054118,6808810806
2008/6/13,'600690,青岛海尔,9.33,9.93,9.28,9.76,9.77,-0.44,-4.5036,0.6428,4857391,46582843,12488380124,7050633165
2008/6/12,'600690,青岛海尔,9.77,10.05,9.45,9.88,10.02,-0.25,-2.495,1.0268,7759293,75452075,13077328383,7383138909
2008/6/11,'600690,青岛海尔,10.02,10.32,9.82,10.11,10.49,-0.47,-4.4805,0.7247,5476333,55023217,13411958075,7572062627
2008/6/10,'600690,青岛海尔,10.49,11.18,10.49,11.18,11.66,-1.17,-10.0343,0.7785,5883031,63078101,14041061897,7927239218
2008/6/6,'600690,青岛海尔,11.66,11.74,11.54,11.57,11.55,0.11,0.9524,0.495,3740470,43518786,15607128858,8811402219
2008/6/5,'600690,青岛海尔,11.55,11.74,11.4,11.55,11.55,0,0,0.4355,3290975,38118894,15459891794,8728275783
2008/6/4,'600690,青岛海尔,11.55,11.9,11.41,11.9,11.81,-0.26,-2.2015,0.5152,3893156,44985841,15459891794,8728275783
2008/6/3,'600690,青岛海尔,11.81,12.14,11.6,12,12.03,-0.22,-1.8288,0.7652,5782809,68292395,15807906674,8924756450
2008/6/2,'600690,青岛海尔,12.03,12.19,11.86,12.15,12.15,-0.12,-0.9877,0.6593,4982335,59736510,16102380803,9091009322
2008/5/30,'600690,青岛海尔,12.15,12.44,12.01,12.1,11.92,0.23,1.9295,0.6335,4787594,58394417,16263003056,9181692707
2008/5/29,'600690,青岛海尔,11.92,12.44,11.9,12.4,12.37,-0.45,-3.6378,0.7343,5549143,67548064,15955143738,9007882886
2008/5/28,'600690,青岛海尔,12.37,12.46,11.96,12.01,11.99,0.38,3.1693,0.9461,7149411,87353067,16557477185,9347945579
2008/5/27,'600690,青岛海尔,11.99,12,11.58,11.62,11.8,0.19,1.6102,0.7119,5379610,63556831,16048840052,9060781527
2008/5/26,'600690,青岛海尔,11.8,12.52,11.78,12.5,12.68,-0.88,-6.9401,1.1524,8708869,105122869,15794521486,8917199501
2008/5/23,'600690,青岛海尔,12.68,13.04,12.11,12.4,12.65,0.03,0.2372,1.1849,8953927,113118928,16972418004,9582210990
2008/5/22,'600690,青岛海尔,12.65,13.02,12.56,12.97,13.25,-0.6,-4.5283,1.2492,9440265,120932552,16932262441,9559540143
2008/5/21,'600690,青岛海尔,13.25,13.48,12.3,12.58,13.67,-0.42,-3.0724,2.4454,18479749,234293304,17735373703,10012957067
2008/5/20,'600690,青岛海尔,0,0,0,0,13.67,None,None,0,0,0,18297551586,10330348914
2008/5/19,'600690,青岛海尔,13.67,13.99,13.32,13.9,13.88,-0.21,-1.513,1.157,8743280,118994062,18297551586,10330348914
2008/5/16,'600690,青岛海尔,13.88,14.32,13.69,14.15,14.12,-0.24,-1.6997,1.5807,11945147,166686637,18578640528,10489044837
2008/5/15,'600690,青岛海尔,14.12,14.5,14.08,14.44,14.27,-0.15,-1.0512,1.6068,12142696,173643997,18899885032,10670411607
2008/5/14,'600690,青岛海尔,14.27,14.55,13.78,13.98,14,0.27,1.9286,2.748,20766294,295029188,19100662848,10783765838
2008/5/13,'600690,青岛海尔,14,14.85,13.89,13.89,14.46,-0.46,-3.1812,3.5108,26530846,380177583,18739262780,10579728222
2008/5/12,'600690,青岛海尔,14.46,14.7,12.9,13,13.41,1.05,7.83,3.8405,29022649,403169884,19354981414,10927347864
2008/5/9,'600690,青岛海尔,13.41,13.48,12.87,13,12.86,0.55,4.2768,2.3781,17970979,237015097,17949536706,10133868247
2008/5/8,'600690,青岛海尔,12.86,12.98,12.09,12.45,12.55,0.31,2.4701,1.9201,14510097,183008338,17213351382,9718236067
2008/5/7,'600690,青岛海尔,12.55,13.6,12.52,13.4,13.51,-0.96,-7.1058,2.3459,17728106,232630094,16798410564,9483970656
2008/5/6,'600690,青岛海尔,13.51,13.95,13.4,13.69,13.91,-0.4,-2.8756,1.8615,14067528,191670892,18083388583,10209437734
2008/5/5,'600690,青岛海尔,13.91,13.96,13.2,13.55,13.42,0.49,3.6513,2.9583,22355877,304578653,18618796091,10511715683
2008/4/30,'600690,青岛海尔,13.42,13.6,12.71,12.83,12.77,0.65,5.0901,3.1639,23909129,317417243,17962921893,10141425196
2008/4/29,'600690,青岛海尔,12.77,13.01,11.98,12.05,12.17,0.6,4.9302,2.991,22602970,286987878,17092884693,9650223528
2008/4/28,'600690,青岛海尔,12.17,12.39,11.81,11.98,12.24,-0.07,-0.5719,2.3399,17682331,215358615,16289773431,9196806604
2008/4/25,'600690,青岛海尔,12.24,12.69,11.1,12,11.78,0.46,3.9049,5.0272,37990265,466653708,16383469745,9249705246
2008/4/24,'600690,青岛海尔,11.78,11.78,11.28,11.44,10.71,1.07,9.9907,7.3764,55743023,651581034,15767751111,8902085604
2008/4/23,'600690,青岛海尔,10.71,10.71,9.51,9.68,9.74,0.97,9.9589,3.9712,30010137,314262647,14335536027,8093492090
2008/4/22,'600690,青岛海尔,9.74,9.98,9.18,9.98,10.09,-0.35,-3.4688,2.976,22489558,215078565,13037172820,7360468063
2008/4/21,'600690,青岛海尔,10.09,11.18,9.6,11,10.39,-0.3,-2.8874,3.8477,29077209,299767613,13505654389,7624961269
2008/4/18,'600690,青岛海尔,10.39,11.34,10.39,11.34,11.54,-1.15,-9.9653,2.6337,19903002,208950950,13907210020,7851669730
2008/4/17,'600690,青岛海尔,11.54,12.88,11.53,12.51,12.81,-1.27,-9.9141,2.9714,22454986,266001293,15446506606,8720718834
2008/4/16,'600690,青岛海尔,12.81,13.28,12.68,13.11,13.38,-0.57,-4.2601,0.7412,5601410,72361635,17146425444,9680451323
2008/4/15,'600690,青岛海尔,13.38,13.43,12.4,12.81,12.95,0.43,3.3205,0.9242,6984422,89864705,17909381143,10111197401
2008/4/14,'600690,青岛海尔,12.95,13.71,12.85,13.46,13.97,-1.02,-7.3014,0.8029,6067480,80502707,17333818072,9786248605
2008/4/11,'600690,青岛海尔,13.97,14.2,13.8,13.81,13.86,0.11,0.7937,0.7092,5359443,75186560,18699107217,10557057376
2008/4/10,'600690,青岛海尔,13.86,13.88,12.9,13.2,13.43,0.43,3.2018,0.8171,6175025,82723170,18551870152,10473930940
2008/4/9,'600690,青岛海尔,13.43,14.6,13.2,14.3,14.14,-0.71,-5.0212,2.0372,15395376,215213243,17976307081,10148982144
2008/4/8,'600690,青岛海尔,14.14,14.53,13.71,13.98,13.8,0.34,2.4638,1.7831,13474939,191138206,18926655408,10685525504
2008/4/7,'600690,青岛海尔,13.8,13.83,12.65,12.83,12.92,0.88,6.8111,1.8943,14315106,193149091,18471559026,10428589247
2008/4/3,'600690,青岛海尔,12.92,13.1,11.98,12.08,12.08,0.84,6.9536,1.8324,13847535,174370304,17293662508,9763577759
2008/4/2,'600690,青岛海尔,12.08,12.6,11.65,12.22,12.17,-0.09,-0.7395,1.6216,12254544,148981243,16169306742,9128794066
2008/4/1,'600690,青岛海尔,12.17,13.66,12.09,13.5,13.43,-1.26,-9.382,2.1801,16474785,206433476,16289773431,9196806604
2008/3/31,'600690,青岛海尔,13.43,14.49,13.31,14.1,14.71,-1.28,-8.7016,1.4995,11331277,156992534,17976307081,10148982144
2008/3/28,'600690,青岛海尔,14.71,14.75,13.7,13.8,14.15,0.56,3.9576,1.8745,14165490,203534194,19689611107,11116271582
2008/3/27,'600690,青岛海尔,14.15,14.8,14.1,14.8,14.87,-0.72,-4.842,0.6395,4832800,69574223,18940040596,10693082453
2008/3/26,'600690,青岛海尔,14.87,15.17,14.8,14.96,14.89,-0.02,-0.1343,0.6382,4822677,72164696,19903774110,11237182762
2008/3/25,'600690,青岛海尔,14.89,14.95,14.05,14.19,14.66,0.23,1.5689,1.0868,8213078,119916640,19930544485,11252296659
2008/3/24,'600690,青岛海尔,14.66,15.78,14.6,15.75,15.47,-0.81,-5.2359,1.6123,12183726,183441370,19622685168,11078486838
2008/3/21,'600690,青岛海尔,15.47,15.95,15.08,15.49,15.49,-0.02,-0.1291,2.2111,16709298,259609296,20706885372,11690599685
2008/3/20,'600690,青岛海尔,15.49,15.62,13.71,14.5,14.72,0.77,5.231,1.7499,13224100,196557102,20733655747,11705713583
2008/3/19,'600690,青岛海尔,14.72,15.25,14.4,14.8,14.34,0.38,2.6499,1.6159,12211339,180827273,19702996294,11123828531
2008/3/18,'600690,青岛海尔,14.34,15.8,14.34,15.8,15.93,-1.59,-9.9812,1.0621,8026089,118151364,19194359162,10836664479
2008/3/17,'600690,青岛海尔,15.93,17.6,15.9,17.52,17.52,-1.59,-9.0753,0.5616,4244267,70556981,21322604006,12038219327
2008/3/14,'600690,青岛海尔,17.52,18.35,17.48,18,18.14,-0.62,-3.4179,0.5788,4374191,77285401,23450848850,13239774175
2008/3/13,'600690,青岛海尔,18.14,18.59,17.51,17.7,17.9,0.24,1.3408,0.4898,3701458,66755948,24280730488,13708304996
2008/3/12,'600690,青岛海尔,17.9,19.13,17.89,19,18.62,-0.72,-3.8668,0.5498,4154773,76196978,23959485983,13526938227
2008/3/11,'600690,青岛海尔,18.62,18.8,17.44,18.8,18.86,-0.24,-1.2725,1.2652,9561285,172451464,24923219497,14071038535
2008/3/10,'600690,青岛海尔,18.86,19.6,18.63,19.5,19.87,-1.01,-5.083,0.6153,4649910,88622105,25244464002,14252405305
2008/3/7,'600690,青岛海尔,19.87,20.55,19.85,20.55,20.66,-0.79,-3.8238,1.1288,8530593,170950965,26596367960,15015657127
2008/3/6,'600690,青岛海尔,20.66,21,20.1,20.73,20.73,-0.07,-0.3377,1.075,8123714,167445247,27653797788,15612656076
2008/3/5,'600690,青岛海尔,20.73,20.9,20.2,20.79,20.9,-0.17,-0.8134,0.4861,3673381,75637272,27747494102,15665554717
2008/3/4,'600690,青岛海尔,20.9,21.4,20.66,21.09,21.13,-0.23,-1.0885,0.9937,7509629,157361623,27975042293,15794022846
2008/3/3,'600690,青岛海尔,21.13,21.19,19.86,20.53,20.53,0.6,2.9226,1.4127,10675500,219180718,28282901610,15967832667
2008/2/29,'600690,青岛海尔,20.53,20.7,20.01,20.01,20.39,0.14,0.6866,0.445,3362706,68812886,27479790348,15514415743
2008/2/28,'600690,青岛海尔,20.39,20.9,19.72,20.85,20.71,-0.32,-1.5451,1.1196,8460628,170727359,27292397720,15408618461
2008/2/27,'600690,青岛海尔,20.71,21.16,20.2,20.5,20.49,0.22,1.0737,0.9556,7221718,148882325,27720723727,15650440820
2008/2/26,'600690,青岛海尔,20.49,23.2,20.38,22.6,22.64,-2.15,-9.4965,2.4429,18460700,401046199,27426249597,15484187948
2008/2/25,'600690,青岛海尔,22.64,23.15,22.37,22.9,22.9,-0.26,-1.1354,1.1192,8457632,192764590,30304064953,17108931925
2008/2/22,'600690,青岛海尔,22.9,23.2,22.3,22.52,22.74,0.16,0.7036,1.5113,11420720,261429444,30652079833,17305412592
2008/2/21,'600690,青岛海尔,22.74,23.23,22,22.25,22.72,0.02,0.088,0.9814,7416484,167159916,30437916830,17184501412
2008/2/20,'600690,青岛海尔,22.72,23.15,22.3,22.76,22.74,-0.02,-0.088,0.8261,6243043,142391516,30411146454,17169387515
2008/2/19,'600690,青岛海尔,22.74,22.8,21.75,21.8,21.8,0.94,4.3119,0.9198,6951125,154928876,30437916830,17184501412
2008/2/18,'600690,青岛海尔,21.8,22.18,21.69,21.9,21.47,0.33,1.537,0.683,5161432,113405565,29179709186,16474148231
2008/2/15,'600690,青岛海尔,21.47,21.88,21.16,21.55,21.62,-0.15,-0.6938,0.3929,2969147,63506510,28737997992,16224768923
2008/2/14,'600690,青岛海尔,21.62,22.02,21.5,21.63,21.4,0.22,1.028,0.3745,2830006,61628561,28938775807,16338123154
2008/2/13,'600690,青岛海尔,21.4,22,20.75,21.15,21.34,0.06,0.2812,0.7498,5666488,121416054,28644301678,16171870282
2008/2/5,'600690,青岛海尔,21.34,21.74,20.71,21.25,21.25,0.09,0.4235,1.4776,11166311,237986468,28563990552,16126528590
2008/2/4,'600690,青岛海尔,21.25,21.38,20,20,19.45,1.8,9.2545,1.4819,11198555,231266218,28443523863,16058516051
2008/2/1,'600690,青岛海尔,19.45,20.68,18.3,20.4,20.21,-0.76,-3.7605,1.8642,14087715,267977915,26034190077,14698265280
2008/1/31,'600690,青岛海尔,20.21,22.22,20.18,21.95,22.26,-2.05,-9.2093,1.4125,10674019,226197165,27051464342,15272593383
2008/1/30,'600690,青岛海尔,22.26,23.1,21.8,22.91,22.5,-0.24,-1.0667,1.1188,8454458,190068445,29795427820,16821767873
2008/1/29,'600690,青岛海尔,22.5,22.98,21.9,22.65,22.48,0.02,0.089,0.9113,6886976,154876444,30116672325,17003134643
2008/1/28,'600690,青岛海尔,22.48,24,21.96,24,24.21,-1.73,-7.1458,1.055,7972411,183143970,30089901950,16988020745
2008/1/25,'600690,青岛海尔,24.21,25,23.89,24.9,24.76,-0.55,-2.2213,1.7622,13316915,325186266,32405539422,18295372875
2008/1/24,'600690,青岛海尔,24.76,25.36,23.85,24.32,23.89,0.87,3.6417,2.5436,19221578,479388182,33141724745,18711005056
2008/1/23,'600690,青岛海尔,23.89,23.91,21.95,21.95,21.74,2.15,9.8896,2.7463,20753866,481152829,31977213415,18053550516
2008/1/22,'600690,青岛海尔,21.74,23.41,21.5,23,23.89,-2.15,-8.9996,2.964,22398955,499436836,29099398060,16428806539
2008/1/21,'600690,青岛海尔,23.89,25.35,23.55,24.5,24.54,-0.65,-2.6487,2.0451,15454921,381468914,31977213415,18053550516
2008/1/18,'600690,青岛海尔,24.54,24.85,23.15,23.4,23.5,1.04,4.4255,1.6885,12759988,304145878,32847250616,18544752183
2008/1/17,'600690,青岛海尔,23.5,25.25,23.4,24.6,24.89,-1.39,-5.5846,2.6994,20399288,491490182,31455191095,17758829516
2008/1/16,'600690,青岛海尔,24.89,25.46,24.7,25,25.3,-0.41,-1.6206,2.5686,19410803,486169347,33315732185,18809245389
2008/1/15,'600690,青岛海尔,25.3,25.48,24.28,24.46,24.14,1.16,4.8053,2.9632,22392426,557191868,33864524881,19119080287
2008/1/14,'600690,青岛海尔,24.14,24.46,23.5,23.68,23.68,0.46,1.9426,1.6064,12139733,292392728,32311843108,18242474234
2008/1/11,'600690,青岛海尔,23.68,23.72,22.85,23.46,23.5,0.18,0.766,1.5155,11452815,265340644,31696124474,17894854593
2008/1/10,'600690,青岛海尔,23.5,23.93,23.41,23.92,23.88,-0.38,-1.5913,1.2088,9134889,215480809,31455191095,17758829516
2008/1/9,'600690,青岛海尔,23.88,24.02,22.8,23.2,23.53,0.35,1.4875,1.4957,11303156,263931337,31963828228,18045993567
2008/1/8,'600690,青岛海尔,23.53,24.38,23.48,24.38,24.38,-0.85,-3.4865,1.9724,14905622,355752412,31495346658,17781500362
2008/1/7,'600690,青岛海尔,24.38,24.75,23.7,24.03,24.17,0.21,0.8688,1.2432,9395043,227289133,32633087613,18423841004
2008/1/4,'600690,青岛海尔,24.17,24.79,23.68,24.53,24.54,-0.37,-1.5077,1.9727,14907864,358418545,32351998671,18265145080
2008/1/3,'600690,青岛海尔,24.54,25.2,23.81,24.03,24.03,0.51,2.1223,2.1972,16603799,406906307,32847250616,18544752183
2008/1/2,'600690,青岛海尔,24.03,24.5,22.29,22.5,22.46,1.57,6.9902,2.6573,20080932,476179686,32164606043,18159347798
2007/12/28,'600690,青岛海尔,22.46,22.85,22.2,22.85,22.72,-0.26,-1.1444,1.5345,11596229,259434966,30063131574,16972906848
2007/12/27,'600690,青岛海尔,22.72,23.3,22.45,23.1,22.95,-0.23,-1.0022,1.6591,12537603,284961252,30411146454,17169387515
2007/12/26,'600690,青岛海尔,22.95,23.09,22.18,22.65,22.63,0.32,1.4141,2.4184,18275611,411424350,30719005772,17343197335
2007/12/25,'600690,青岛海尔,22.63,22.8,22.18,22.51,22.53,0.1,0.4439,1.906,14403309,322293952,30290679765,17101374976
2007/12/24,'600690,青岛海尔,22.53,23.48,22.21,23,21.97,0.56,2.5489,4.1401,31286443,713140229,30156827888,17025805489
2007/12/21,'600690,青岛海尔,21.97,22.15,21,21,21.12,0.85,4.0246,2.0476,15473888,337319727,29407257377,16602616360
2007/12/20,'600690,青岛海尔,21.12,21.85,20.8,20.91,20.93,0.19,0.9078,2.2177,16759296,359970178,28269516422,15960275718
2007/12/19,'600690,青岛海尔,20.93,21.3,20.37,20.7,20.52,0.41,1.9981,2.7327,20650873,431808064,28015197856,15816693692
2007/12/18,'600690,青岛海尔,20.52,20.88,19.52,19.63,19.94,0.58,2.9087,3.5429,26773184,547196746,27466405160,15506858794
2007/12/17,'600690,青岛海尔,19.94,20.41,18.42,18.66,18.55,1.39,7.4933,3.6093,27275268,540761026,26690064274,15068555768
2007/12/14,'600690,青岛海尔,18.55,18.6,17.6,17.7,17.91,0.64,3.5734,1.0347,7819143,140827098,24829523184,14018139894
2007/12/13,'600690,青岛海尔,17.91,18.9,17.82,18.5,18.68,-0.77,-4.1221,1.3279,10035165,184210410,23972871171,13534495175
2007/12/12,'600690,青岛海尔,18.68,19.1,18.3,19.1,19.09,-0.41,-2.1477,1.9259,14553584,272126312,25003530624,14116380228
2007/12/11,'600690,青岛海尔,19.09,19.33,18.75,18.86,18.75,0.34,1.8133,1.9685,14876147,284307408,25552323319,14426215126
2007/12/10,'600690,青岛海尔,18.75,18.93,17.46,17.6,17.94,0.81,4.5151,1.9693,14881910,272926710,25097226938,14169278869
2007/12/7,'600690,青岛海尔,17.94,17.96,17.42,17.58,17.49,0.45,2.5729,1.3201,9975813,176485933,24013026734,13557166022
2007/12/6,'600690,青岛海尔,17.49,17.68,17.26,17.54,17.45,0.04,0.2292,0.7457,5635134,98149627,23410693287,13217103329
2007/12/5,'600690,青岛海尔,17.45,17.48,16.8,16.91,16.8,0.65,3.869,1.2734,9622776,165363226,23357152537,13186875534
2007/12/4,'600690,青岛海尔,16.8,17.13,16.7,16.78,16.6,0.2,1.2048,1.0655,8051771,136132092,22487115336,12695673866
2007/12/3,'600690,青岛海尔,16.6,16.87,16.4,16.68,16.68,-0.08,-0.4796,0.7825,5913559,98571089,22219411582,12544534892
2007/11/30,'600690,青岛海尔,16.68,17.31,16.58,17.3,17.31,-0.63,-3.6395,0.6699,5062100,85596062,22326493084,12604990482
2007/11/29,'600690,青岛海尔,17.31,17.42,16.76,17.13,16.95,0.36,2.1239,1.2089,9135387,156745863,23169759909,13081078252
2007/11/28,'600690,青岛海尔,16.95,17.8,16.88,17.55,17.4,-0.45,-2.5862,1.0403,7861668,134732794,22687893152,12809028097
2007/11/27,'600690,青岛海尔,17.4,17.87,17.35,17.48,17.7,-0.3,-1.6949,0.5717,4320122,75717876,23290226598,13149090790
2007/11/26,'600690,青岛海尔,17.7,18.45,17.6,18.35,18,-0.3,-1.6667,0.4691,3544976,63860365,23691782229,13375799252
2007/11/23,'600690,青岛海尔,18,18,17.41,17.5,17.73,0.27,1.5228,0.3413,2579011,45644566,24093337860,13602507714
2007/11/22,'600690,青岛海尔,17.73,18.6,17.61,18.25,18.63,-0.9,-4.8309,0.5779,4366780,79215091,23731937792,13398470098
2007/11/21,'600690,青岛海尔,18.63,19.45,18.56,18.9,18.8,-0.17,-0.9043,0.6389,4827932,91654113,24936604685,14078595484
2007/11/20,'600690,青岛海尔,18.8,18.96,18.05,18.26,18.35,0.45,2.4523,0.6846,5173263,96420731,25164152876,14207063612
2007/11/19,'600690,青岛海尔,18.35,18.58,17.74,17.74,17.97,0.38,2.1146,0.7056,5332126,97635258,24561819430,13867000920
2007/11/16,'600690,青岛海尔,17.97,18.1,17.1,17.42,17.7,0.27,1.5254,0.9306,7032476,122434512,24053182297,13579836868
2007/11/15,'600690,青岛海尔,17.7,18.24,17.61,18.24,18.3,-0.6,-3.2787,0.8167,6172129,110203999,23691782229,13375799252
2007/11/14,'600690,青岛海尔,18.3,18.31,17.42,17.75,17.53,0.77,4.3925,1.2999,9823024,176926402,24494893491,13829216176
2007/11/13,'600690,青岛海尔,17.53,18.05,17.3,17.8,17.41,0.12,0.6893,1.1633,8791352,155725862,23464234038,13247331124
2007/11/12,'600690,青岛海尔,17.41,19,17.31,18.98,19.23,-1.82,-9.4644,1.5817,11952514,211173980,23303611786,13156647739
2007/11/9,'600690,青岛海尔,19.23,19.8,19.1,19.1,19.45,-0.22,-1.1311,0.508,3839219,74517854,25739715947,14532012408
2007/11/8,'600690,青岛海尔,19.45,20.19,19.4,19.67,19.7,-0.25,-1.269,0.8825,6668803,132107977,26034190077,14698265280
2007/11/7,'600690,青岛海尔,19.7,20.2,19.2,19.88,19.89,-0.19,-0.9553,0.5114,3864997,75911965,26368819769,14887188998
2007/11/6,'600690,青岛海尔,19.89,20.35,19.31,19.48,19.54,0.35,1.7912,1.004,7587451,151940592,26623138335,15030771024
2007/11/5,'600690,青岛海尔,19.54,19.98,18.88,19.1,19.37,0.17,0.8776,0.8716,6586497,126933458,26154656766,14766277818
2007/11/2,'600690,青岛海尔,19.37,20.4,19.13,20.4,20.59,-1.22,-5.9252,1.6904,12774091,250092154,25927108575,14637809690
2007/11/1,'600690,青岛海尔,20.59,21.4,20.45,21.34,21.41,-0.82,-3.83,1.2269,9271561,192305663,27560101474,15559757435
2007/10/31,'600690,青岛海尔,21.41,21.45,19.95,20.5,20.11,1.3,6.4644,2.4549,18551478,382456576,28657686866,16179427231
2007/10/30,'600690,青岛海尔,20.11,21.26,19.78,20.7,20.48,-0.37,-1.8066,1.2976,9805689,198845424,26917612465,15197023896
2007/10/29,'600690,青岛海尔,20.48,20.68,19.65,19.75,19.51,0.97,4.9718,1.1526,8709985,176108596,27412864410,15476630999
2007/10/26,'600690,青岛海尔,19.51,20.37,19.3,19.6,19.82,-0.31,-1.5641,1.0024,7575047,150335544,26114501203,14743606972
2007/10/25,'600690,青岛海尔,19.82,20.61,19.03,19.98,20.14,-0.32,-1.5889,1.7403,13151647,259971798,26529442021,14977872383
2007/10/24,'600690,青岛海尔,20.14,21.68,19.98,20.94,20.9,-0.76,-3.6364,1.8819,14221201,294928917,26957768028,15219694742
2007/10/23,'600690,青岛海尔,20.9,21,19.95,21,21,-0.1,-0.4762,2.4213,18297648,370741167,27975042293,15794022846
2007/10/22,'600690,青岛海尔,21,22.8,20.9,22.8,22.98,-1.98,-8.6162,1.4309,10813396,235078331,28108894170,15869592333
2007/10/19,'600690,青岛海尔,22.98,23.59,22.8,23.39,23.38,-0.4,-1.7109,0.7825,5913350,136570701,30759161335,17365868182
2007/10/18,'600690,青岛海尔,23.38,23.5,22.6,23.35,23.58,-0.2,-0.8482,1.6714,12630521,291833025,31294568843,17668146131
2007/10/17,'600690,青岛海尔,23.58,23.88,22.78,23.67,23.7,-0.12,-0.5063,2.3703,17911956,413470651,31562272597,17819285105
2007/10/16,'600690,青岛海尔,23.7,24.1,22.98,24.05,23.97,-0.27,-1.1264,1.5457,11680517,273131471,31722894849,17909968490
2007/10/15,'600690,青岛海尔,23.97,23.98,22.43,23.01,22.96,1.01,4.399,2.1005,15873453,367443315,32084294917,18114006106
2007/10/12,'600690,青岛海尔,22.96,23.84,22.35,23.46,23.36,-0.4,-1.7123,2.6557,20068738,462329916,30732390959,17350754284
2007/10/11,'600690,青岛海尔,23.36,24.19,22.99,23.91,23.69,-0.33,-1.393,1.9574,14791899,345709731,31267798467,17653032233
2007/10/10,'600690,青岛海尔,23.69,24.45,23.5,24.21,24.2,-0.51,-2.1074,1.8345,13863453,330326134,31709509661,17902411541
2007/10/9,'600690,青岛海尔,24.2,25,23.5,24.98,24.95,-0.75,-3.006,1.3856,10470536,252447665,32392154234,18287815927
2007/10/8,'600690,青岛海尔,24.95,25.84,24.7,25.65,25.14,-0.19,-0.7558,1.0133,7657135,191761492,33396043312,18854587081
2007/9/28,'600690,青岛海尔,25.14,25.5,24.7,25.01,24.79,0.35,1.4119,0.9708,7336010,184064495,33650361878,18998169107
2007/9/27,'600690,青岛海尔,24.79,24.9,24.23,24.38,24.37,0.42,1.7234,0.7812,5903253,144030183,33181880308,18733675902
2007/9/26,'600690,青岛海尔,24.37,25.7,24.2,25.52,25.48,-1.11,-4.3564,0.7505,5671831,140237166,32619702425,18416284055
2007/9/25,'600690,青岛海尔,25.48,26.49,25.16,25.17,25.16,0.32,1.2719,1.0345,7817457,200265061,34105458260,19255105364
2007/9/24,'600690,青岛海尔,25.16,26.15,24.8,26.15,26.15,-0.99,-3.7859,1.0187,7698247,194034345,33677132253,19013283005
2007/9/21,'600690,青岛海尔,26.15,27,25.3,26.8,26.69,-0.54,-2.0232,1.1099,8387359,217440846,35002265836,19761420929
2007/9/20,'600690,青岛海尔,26.69,27.6,26.55,26.81,26.82,-0.13,-0.4847,1.6195,12238543,331322295,35725065971,20169496160
2007/9/19,'600690,青岛海尔,26.82,27.74,26.5,27.6,27.77,-0.95,-3.421,1.3686,10342304,277594423,35899073411,20267736494
2007/9/18,'600690,青岛海尔,27.77,27.99,27,27.92,27.87,-0.1,-0.3588,1.1301,8540366,234581457,37170666243,20985646623
2007/9/17,'600690,青岛海尔,27.87,28.37,26.8,27.1,27.15,0.72,2.6519,1.3233,10000410,277226211,37304518120,21061216111
2007/9/14,'600690,青岛海尔,27.15,27.4,25.98,27,26.97,0.18,0.6674,1.7045,12880564,342971524,36340784606,20517115802
2007/9/13,'600690,青岛海尔,26.97,28,26.2,26.8,26.88,0.09,0.3348,1.9742,14919060,406543984,36099851227,20381090725
2007/9/12,'600690,青岛海尔,26.88,26.9,24.4,24.65,24.65,2.23,9.0467,2.4903,18818890,482652268,35979384538,20313078186
2007/9/11,'600690,青岛海尔,24.65,27.09,24.5,26.54,26.5,-1.85,-6.9811,2.472,18681096,490981481,32994487681,18627878620
2007/9/10,'600690,青岛海尔,26.5,26.51,23.6,23.9,24.11,2.39,9.9129,2.2637,17106706,436288578,35470747405,20025914135
2007/9/7,'600690,青岛海尔,24.11,25.1,23.5,24.4,24.65,-0.54,-2.1907,1.9145,14467875,350175261,32271687545,18219803388
2007/9/6,'600690,青岛海尔,24.65,25.5,24.48,25.28,25.3,-0.65,-2.5692,1.1243,8496631,210930361,32994487681,18627878620
2007/9/5,'600690,青岛海尔,25.3,25.5,24,24.93,24.94,0.36,1.4435,2.0608,15573374,388037848,33864524881,19119080287
2007/9/4,'600690,青岛海尔,24.94,25.2,23.88,24,24.38,0.56,2.297,2.1652,16362490,406386549,33382658124,18847030133
2007/9/3,'600690,青岛海尔,24.38,24.96,22.65,23,22.69,1.69,7.4482,2.3266,17582223,423760328,32633087613,18423841004
2007/8/31,'600690,青岛海尔,22.69,23.1,22,22.7,22.32,0.37,1.6577,1.92,14509636,330187734,30370990891,17146716668
2007/8/30,'600690,青岛海尔,22.32,22.6,21.6,21.71,21.51,0.81,3.7657,2.2629,17100250,378570381,29875738946,16867109565
2007/8/29,'600690,青岛海尔,21.51,22.09,21,21.5,22.08,-0.57,-2.5815,2.1753,16438899,353793693,28791538743,16254996718
2007/8/28,'600690,青岛海尔,22.08,22.4,21.28,22.34,22.34,-0.26,-1.1638,2.4997,18890205,411152980,29554494442,16685742796
2007/8/27,'600690,青岛海尔,22.34,23.88,22.1,23.88,22.8,-0.46,-2.0175,2.7479,20765684,471005984,29902509322,16882223463
2007/8/24,'600690,青岛海尔,22.8,23.96,22.51,23,22.9,-0.1,-0.4367,2.6725,20196289,468009025,30518227956,17229843104
2007/8/23,'600690,青岛海尔,22.9,22.99,21.22,21.65,21,1.9,9.0476,3.6097,27277997,608422804,30652079833,17305412592
2007/8/22,'600690,青岛海尔,21,21.88,20.89,21.35,21.57,-0.57,-2.6426,2.2618,17092447,363967161,28108894170,15869592333
2007/8/21,'600690,青岛海尔,21.57,22.36,21,21.6,21.42,0.15,0.7003,2.8169,21286801,459644430,28871849869,16300338411
2007/8/20,'600690,青岛海尔,21.42,21.45,19.85,19.92,19.5,1.92,9.8462,2.9346,22176312,453717813,28671072053,16186984180
2007/8/17,'600690,青岛海尔,19.5,20.12,19.4,19.5,19.5,0,0,3.0753,23239837,458016090,26101116015,14736050024
2007/8/16,'600690,青岛海尔,19.5,19.76,18.28,18.8,18.92,0.58,3.0655,4.1687,31502308,610537234,26101116015,14736050024
2007/8/15,'600690,青岛海尔,18.92,19.4,18,18,17.91,1.01,5.6393,5.3267,40253725,759518042,25324775128,14297746997
2007/8/14,'600690,青岛海尔,17.91,18.14,17,17.06,17.21,0.7,4.0674,2.8177,21293206,380099191,23972871171,13534495175
2007/8/13,'600690,青岛海尔,17.21,17.58,16.7,17.23,17.17,0.04,0.233,1.7715,13386785,228758707,23035908032,13005508764
2007/8/10,'600690,青岛海尔,17.17,17.75,16.98,17.75,17.96,-0.79,-4.3987,1.7281,13059124,225772966,22982367281,12975280969
2007/8/9,'600690,青岛海尔,17.96,18.12,17.6,17.78,17.78,0.18,1.0124,2.4479,18498662,330927011,24039797109,13572279919
2007/8/8,'600690,青岛海尔,17.78,18,17.05,18,18.11,-0.33,-1.8222,1.7995,13599033,238733237,23798863731,13436254842
2007/8/7,'600690,青岛海尔,18.11,18.6,17.48,17.85,17.76,0.35,1.9707,3.2324,24427395,438201985,24240574925,13685634150
2007/8/6,'600690,青岛海尔,17.76,18.05,17.05,17.1,16.83,0.93,5.5258,3.9142,29579271,523637318,23772093355,13421140945
2007/8/3,'600690,青岛海尔,16.83,17.2,16.58,17.11,16.99,-0.16,-0.9417,2.3765,17959024,302111520,22527270899,12718344713
2007/8/2,'600690,青岛海尔,16.99,17.15,16.42,16.7,16.62,0.37,2.2262,1.6608,12550414,211084506,22741433902,12839255892
2007/8/1,'600690,青岛海尔,16.62,17.9,16.52,17.75,17.77,-1.15,-6.4716,1.7733,13400473,229853857,22246181957,12559648789
2007/7/31,'600690,青岛海尔,17.77,18.03,16.8,16.84,16.82,0.95,5.648,3.3801,25543357,447444887,23785478543,13428697893
2007/7/30,'600690,青岛海尔,16.82,17.18,16.7,16.78,16.78,0.04,0.2384,2.271,17161611,289770283,22513885711,12710787764
2007/7/27,'600690,青岛海尔,16.78,17.03,16.6,16.88,17.03,-0.25,-1.468,1.7335,13100094,220059716,22460344961,12680559969
2007/7/26,'600690,青岛海尔,17.03,17.33,16.6,16.88,16.78,0.25,1.4899,2.3756,17952391,303662572,22794974653,12869483687
2007/7/25,'600690,青岛海尔,16.78,16.98,16.42,16.43,16.44,0.34,2.0681,1.7756,13418330,223608420,22460344961,12680559969
2007/7/24,'600690,青岛海尔,16.44,17.19,16.21,16.35,16.25,0.19,1.1692,2.8782,21750680,364696109,22005248579,12423623712
2007/7/23,'600690,青岛海尔,16.25,16.4,15.26,15.26,15.18,1.07,7.0487,2.4947,18852348,302063509,21750930013,12280041686
2007/7/20,'600690,青岛海尔,15.18,15.28,14.61,14.65,14.74,0.44,2.9851,2.0042,15145280,227605900,20318714929,11471448172
2007/7/19,'600690,XD青岛海,14.74,15.2,14.4,15.1,14.97,-0.23,-1.5364,1.2526,9465714,139310973,19729766670,11138942428
2007/7/18,'600690,青岛海尔,15.12,15.36,14.84,15.36,15.27,-0.15,-0.9823,1.1115,8399438,126497441,20238403802,11426106480
2007/7/17,'600690,青岛海尔,15.27,15.5,14.88,15.14,15.3,-0.03,-0.1961,1.1391,8608188,130407350,20439181618,11539460711
2007/7/16,'600690,青岛海尔,15.3,15.9,15.2,15.9,16,-0.7,-4.375,0.7231,5464286,84726205,20479337181,11562131557
2007/7/13,'600690,青岛海尔,16,16.02,15.42,15.8,15.84,0.16,1.0101,0.9881,7466754,117634569,21416300320,12091117968
2007/7/12,'600690,青岛海尔,15.84,16.09,15.5,15.8,15.68,0.16,1.0204,1.2444,9403606,149479624,21202137317,11970206788
2007/7/11,'600690,青岛海尔,15.68,15.92,15.32,15.5,15.7,-0.02,-0.1274,0.9197,6950033,108381140,20987974314,11849295609
2007/7/10,'600690,青岛海尔,15.7,16.5,15.45,16.5,16.55,-0.85,-5.136,1.8897,14280389,226056640,21014744689,11864409506
2007/7/9,'600690,青岛海尔,16.55,16.62,16.1,16.23,16.1,0.45,2.795,2.1207,16025910,262462540,22152485644,12506750148
2007/7/6,'600690,青岛海尔,16.1,16.28,14.55,14.75,14.81,1.29,8.7103,1.8692,14125460,217810338,21550152197,12166687455
2007/7/5,'600690,青岛海尔,14.81,15.92,14.8,15.92,16.08,-1.27,-7.898,1.6665,12593412,192988923,19823462984,11191841069
2007/7/4,'600690,青岛海尔,16.08,16.7,15.9,16.65,16.64,-0.56,-3.3654,0.714,5395836,88081285,21523381822,12151573558
2007/7/3,'600690,青岛海尔,16.64,16.88,16.14,16.55,16.51,0.13,0.7874,1.1011,8320579,137245232,22272952333,12574762687
2007/7/2,'600690,青岛海尔,16.51,16.7,15.88,16.1,16,0.51,3.1875,1.5541,11744082,192316297,22098944893,12476522353
2007/6/29,'600690,青岛海尔,16,16.5,15.3,15.45,15.85,0.15,0.9464,2.5432,19218578,308696616,21416300320,12091117968
2007/6/28,'600690,青岛海尔,15.85,17.12,15.8,17.12,17.13,-1.28,-7.4723,2.2389,16919349,278522552,21215522505,11977763737
2007/6/27,'600690,青岛海尔,17.13,17.33,16.3,16.58,16.51,0.62,3.7553,2.8373,21441018,362302613,22928826530,12945053175
2007/6/26,'600690,青岛海尔,16.51,16.55,15.06,15.2,15.42,1.09,7.0687,2.6899,20327111,321929186,22098944893,12476522353
2007/6/25,'600690,青岛海尔,15.42,16.64,15.08,16.35,16.15,-0.73,-4.5201,2.6113,19733417,315722277,20639959433,11652814942
2007/6/22,'600690,青岛海尔,16.15,17.8,15.74,17.5,17.44,-1.29,-7.3968,3.3351,25203013,419987694,21617078136,12204472199
2007/6/21,'600690,青岛海尔,17.44,17.85,17.15,17.25,17.42,0.02,0.1148,2.2966,17355246,303114877,23343767349,13179318585
2007/6/20,'600690,青岛海尔,17.42,18.8,17.18,18.6,18.32,-0.9,-4.9127,3.577,27031094,483943934,23316996973,13164204688
2007/6/19,'600690,青岛海尔,18.32,18.89,18.05,18.6,18.29,0.03,0.164,3.75,28338397,522995036,24521663866,13844330073
2007/6/18,'600690,青岛海尔,18.29,18.29,17.06,17.19,16.63,1.66,9.982,5.899,44578780,799460965,24481508303,13821659227
2007/6/15,'600690,青岛海尔,16.63,17.11,16.33,16.62,16.62,0.01,0.0602,2.747,20759295,346061679,22259567145,12567205738
2007/6/14,'600690,青岛海尔,16.62,17.22,15.51,15.8,15.92,0.7,4.397,4.7855,36163440,601080381,22246181957,12559648789
2007/6/13,'600690,青岛海尔,15.92,16.63,15.86,16.39,15.54,0.38,2.4453,3.6078,27263902,441691984,21309218818,12030662378
2007/6/12,'600690,青岛海尔,0,0,0,0,15.54,None,None,0,0,0,20800581686,11743498326
2007/6/11,'600690,青岛海尔,15.54,15.8,14.85,14.85,14.79,0.75,5.071,3.161,23887668,369301381,20800581686,11743498326
2007/6/8,'600690,青岛海尔,14.79,14.94,14.41,14.6,14.62,0.17,1.1628,2.3379,17667301,260871122,19796692608,11176727172
2007/6/7,'600690,青岛海尔,14.62,14.93,14.2,14.29,14.32,0.3,2.095,2.851,21544731,316424371,19569144417,11048259043
2007/6/6,'600690,青岛海尔,14.32,14.45,13.3,14.1,13.9,0.42,3.0216,3.0456,23015706,322854290,19167588786,10821550581
2007/6/5,'600690,青岛海尔,13.9,13.94,11.83,13.2,13.09,0.81,6.1879,3.7269,28164060,366888741,18605410903,10504158735
2007/6/4,'600690,青岛海尔,13.09,15.01,13.09,14.4,14.54,-1.45,-9.9725,4.1497,31359060,432935175,17521210699,9892045888
2007/6/1,'600690,青岛海尔,14.54,15.48,14.28,15.2,15.07,-0.53,-3.5169,3.7689,28481380,428312864,19462062916,10987803453
2007/5/31,'600690,青岛海尔,15.07,15.77,13.49,14.61,14.99,0.08,0.5337,4.3853,33139861,484429703,20171477864,11388321736
2007/5/30,'600690,青岛海尔,14.99,16.55,14.99,15.5,16.65,-1.66,-9.97,4.8345,36533726,569524716,20064396362,11327866146
2007/5/29,'600690,青岛海尔,16.65,17.16,16.33,16.5,16.48,0.17,1.0316,4.559,34452094,577656271,22286337521,12582319636
2007/5/28,'600690,青岛海尔,16.48,16.69,15.65,15.8,15.66,0.82,5.2363,6.0395,45639925,736458509,22058789330,12453851507
2007/5/25,'600690,青岛海尔,15.66,15.78,15.3,15.3,15.6,0.06,0.3846,3.2927,24882780,386145286,20961203938,11834181711
2007/5/24,'600690,青岛海尔,15.6,16.26,15.35,16.15,16.02,-0.42,-2.6217,4.2202,31891555,502862750,20880892812,11788840019
2007/5/23,'600690,青岛海尔,16.02,16.1,15.31,15.43,15.43,0.59,3.8237,5.3837,40681649,646338455,19167488217,12105422519
2007/5/22,'600690,青岛海尔,15.43,15.97,15.31,15.55,15.37,0.06,0.3904,3.6469,27557788,429870875,18461569487,11659592351
2007/5/21,'600690,青岛海尔,15.37,15.67,14.4,14.5,15.11,0.26,1.7207,3.3577,25372387,387475609,18389781142,11614253690
2007/5/18,'600690,青岛海尔,15.11,15.3,14.71,15.14,15.1,0.01,0.0662,2.8126,21252883,319347503,18078698312,11417786159
2007/5/17,'600690,青岛海尔,15.1,15.51,14.81,14.81,14.8,0.3,2.027,3.291,24868176,379970076,18066733587,11410229715
2007/5/16,'600690,青岛海尔,14.8,14.8,13.99,14.31,14.31,0.49,3.4242,2.7509,20420485,295064156,17707791860,10986486546
2007/5/15,'600690,青岛海尔,14.31,15.18,14.23,14.98,14.95,-0.64,-4.2809,2.9255,21716620,319991374,17121520373,10622744761
2007/5/14,'600690,青岛海尔,14.95,15.31,14.72,14.91,15.16,-0.21,-1.3852,3.4022,25255902,380130685,17887262724,11097836071
2007/5/11,'600690,青岛海尔,15.16,15.56,15,15.56,15.74,-0.58,-3.6849,3.0993,23006720,349461755,18138521933,11253725408
2007/5/10,'600690,青岛海尔,15.74,15.98,15.2,15.6,15.79,-0.05,-0.3167,3.8148,28318522,439185897,18832475938,11684276907
2007/5/9,'600690,青岛海尔,15.79,16.26,15,16.26,16.26,-0.47,-2.8905,4.7997,35629751,561389302,18892299559,11721393416
2007/5/8,'600690,青岛海尔,16.26,16.35,15.08,15.21,14.98,1.28,8.5447,5.3397,39638541,627803218,19454641598,12070288597
2007/4/30,'600690,青岛海尔,14.98,15.17,14.36,14.55,14.62,0.36,2.4624,4.339,32209855,477296030,17923156897,11120105977
2007/4/27,'600690,青岛海尔,14.62,15.5,14.6,15.18,15.18,-0.56,-3.6891,3.7629,27933259,413239487,17492426824,10852867115
2007/4/26,'600690,青岛海尔,15.18,15.4,14.45,14.58,14.66,0.52,3.5471,4.7808,35489006,532711962,18162451381,11268572011
2007/4/25,'600690,青岛海尔,14.66,14.75,13.7,14.01,14.13,0.53,3.7509,5.8186,43193514,619434444,17540285721,10882560322
2007/4/24,'600690,青岛海尔,14.13,14.63,13.61,13.63,13.45,0.68,5.0558,6.5638,48725170,691053301,16906155337,10489125330
2007/4/23,'600690,青岛海尔,13.45,13.46,12.81,12.81,12.8,0.65,5.0781,4.8865,36273655,482543416,16092554089,9984340813
2007/4/20,'600690,青岛海尔,12.8,12.93,12.36,12.47,12.41,0.39,3.1426,3.2563,24172781,307346621,15314847014,9501826202
2007/4/19,'600690,青岛海尔,12.41,13.39,12.12,13.39,13.45,-1.04,-7.7323,4.4703,33184729,426431704,14848222769,9212317435
2007/4/18,'600690,青岛海尔,13.45,13.6,12.52,12.89,12.9,0.55,4.2636,5.7513,42693673,564424210,16092554089,9984340813
2007/4/17,'600690,青岛海尔,12.9,13.14,12.5,13.05,13.05,-0.15,-1.1494,4.0558,30107219,386361009,15434494257,9576059219
2007/4/16,'600690,青岛海尔,13.05,13.2,12.8,12.95,12.87,0.18,1.3986,3.4349,25498202,330784225,15613965120,9687408745
2007/4/13,'600690,青岛海尔,12.87,13.53,12.61,13,12.88,-0.01,-0.0776,4.5163,33525713,444218408,15398600084,9553789314
2007/4/12,'600690,青岛海尔,12.88,12.95,12.41,12.47,12.43,0.45,3.6203,4.9371,36649440,467371059,15410564808,9561212615
2007/4/11,'600690,青岛海尔,12.43,12.74,12.2,12.7,12.7,-0.27,-2.126,2.8488,21147331,262538543,14872152218,9227164038
2007/4/10,'600690,青岛海尔,12.7,12.8,12,12.64,12.63,0.07,0.5542,3.8547,28614476,356938026,15195199772,9427593184
2007/4/9,'600690,青岛海尔,12.63,12.9,12.44,12.51,12.48,0.15,1.2019,3.531,26211401,330982915,15111446703,9375630072
2007/4/6,'600690,青岛海尔,12.48,12.7,12.3,12.5,12.73,-0.25,-1.9639,3.2756,24316117,304306828,14931975839,9264280547
2007/4/5,'600690,青岛海尔,12.73,13.05,12.45,12.45,12.44,0.29,2.3312,3.6856,27359307,350632516,15231093945,9449863090
2007/4/4,'600690,青岛海尔,12.44,12.8,12.01,12.13,12.13,0.31,2.5556,4.2265,31374839,392340698,14884116942,9234587340
2007/4/3,'600690,青岛海尔,12.13,12.39,11.99,12.18,12.17,-0.04,-0.3287,2.397,17793767,216225589,14513210491,9004464986
2007/4/2,'600690,青岛海尔,12.17,12.32,11.9,11.91,11.91,0.26,2.183,2.7517,20426961,247485928,14561069388,9034158193
2007/3/30,'600690,青岛海尔,11.91,12.18,11.74,12.1,12.15,-0.24,-1.9753,3.2066,23803537,284400249,14249986558,8841152349
2007/3/29,'600690,青岛海尔,12.15,12.6,12.01,12.31,12.56,-0.41,-3.2643,6.031,44770126,552303497,14537139940,9019311590
2007/3/28,'600690,青岛海尔,12.56,12.79,11.68,11.7,11.63,0.93,7.9966,10.0891,74894459,911309098,15027693633,9323666960
2007/3/27,'600690,青岛海尔,11.63,11.75,11.33,11.5,11.63,0,0,4.8848,36261547,416338429,13914974280,8633299900
2007/3/26,'600690,青岛海尔,11.63,11.85,11.41,11.65,11.54,0.09,0.7799,4.0442,30021406,348242916,13914974280,8633299900
2007/3/23,'600690,青岛海尔,11.54,11.58,11.05,11.05,11.03,0.51,4.6238,5.8222,43219988,491415338,13807291761,8566490185
2007/3/22,'600690,青岛海尔,11.03,11.3,10.78,10.85,10.81,0.22,2.0352,5.6371,41845616,464782236,13197090826,8187901797
2007/3/21,'600690,青岛海尔,10.81,10.94,10.6,10.81,10.79,0.02,0.1854,2.6839,19923169,214013218,12933866893,8024589159
2007/3/20,'600690,青岛海尔,10.79,10.85,10.48,10.61,10.58,0.21,1.9849,2.8388,21073376,225357542,12909937444,8009742556
2007/3/19,'600690,青岛海尔,10.58,10.7,9.94,10,10.35,0.23,2.2222,3.0106,22348689,231579169,12658678235,7853853220
2007/3/16,'600690,青岛海尔,10.35,10.98,10.18,10.82,10.76,-0.41,-3.8104,3.1002,23013786,242432392,12383489578,7683117280
2007/3/15,'600690,青岛海尔,10.76,10.99,10.1,10.14,10.16,0.6,5.9055,4.387,32566354,344951346,12874043272,7987472651
2007/3/14,'600690,青岛海尔,10.16,10.32,9.97,10.2,10.34,-0.18,-1.7408,3.1446,23343543,237238851,12156159818,7542074548
2007/3/13,'600690,青岛海尔,10.34,10.48,9.91,9.92,9.99,0.35,3.5035,3.0242,22449311,230210046,12371524854,7675693978
2007/3/12,'600690,青岛海尔,9.99,10.16,9.81,10.16,10.16,-0.17,-1.6732,2.3729,17614923,175160725,11952759506,7415878418
2007/3/9,'600690,青岛海尔,10.16,10.31,10.11,10.3,10.33,-0.17,-1.6457,2.0114,14930939,152174669,12156159818,7542074548
2007/3/8,'600690,青岛海尔,10.33,10.38,10.01,10.18,10.17,0.16,1.5733,2.0174,14975408,153159720,12359560130,7668270677
2007/3/7,'600690,青岛海尔,10.17,10.25,9.9,9.9,9.87,0.3,3.0395,3.2934,24448184,246149769,12168124542,7549497849
2007/3/6,'600690,青岛海尔,9.87,9.89,9.42,9.65,9.68,0.19,1.9628,2.852,21171090,205163380,11809182815,7326798798
2007/3/5,'600690,青岛海尔,9.68,9.94,9.4,9.86,9.86,-0.18,-1.8256,2.0612,15301043,148151867,11581853055,7185756065
2007/3/2,'600690,青岛海尔,9.86,10.02,9.7,9.8,9.87,-0.01,-0.1013,2.0329,15090918,148688338,11797218091,7319375496
2007/3/1,'600690,青岛海尔,9.87,10.49,9.65,10.46,10.39,-0.52,-5.0048,2.8555,21197589,210832983,11809182815,7326798798
2007/2/28,'600690,青岛海尔,10.39,10.49,9.8,9.9,10.34,0.05,0.4836,3.6685,27232616,275899266,12431348475,7712810487
2007/2/27,'600690,青岛海尔,10.34,11.58,10.34,11.5,11.49,-1.15,-10.0087,4.0051,29730706,322874065,12371524854,7675693978
2007/2/26,'600690,青岛海尔,11.49,11.64,10.9,11.27,11.18,0.31,2.7728,3.3988,25230590,284742955,13747468140,8529373676
2007/2/16,'600690,青岛海尔,11.18,11.5,10.86,10.9,10.71,0.47,4.3884,3.9397,29245385,326173414,13376561689,8299251323
2007/2/15,'600690,青岛海尔,10.71,10.87,10.56,10.56,10.48,0.23,2.1947,3.2865,24396926,261328500,12814219650,7950356142
2007/2/14,'600690,青岛海尔,10.48,10.59,10.21,10.3,10.39,0.09,0.8662,2.3383,17358226,180940240,12539030993,7779620203
2007/2/13,'600690,青岛海尔,10.39,10.47,10.16,10.42,10.37,0.02,0.1929,2.0785,15429628,159083772,12431348475,7712810487
2007/2/12,'600690,青岛海尔,10.37,10.39,9.8,9.81,9.79,0.58,5.9244,3.1423,23326590,236215475,12407419027,7697963884
2007/2/9,'600690,青岛海尔,9.79,9.98,9.6,9.92,9.94,-0.15,-1.5091,2.6605,19749718,193275577,11713465021,7267412384
2007/2/8,'600690,青岛海尔,9.94,9.98,9.11,9.38,9.4,0.54,5.7447,4.2053,31216961,298246791,11892935885,7378761910
2007/2/7,'600690,青岛海尔,9.4,9.74,9.1,9.51,9.39,0.01,0.1065,4.7174,35018739,330552518,11246840776,6977903617
2007/2/6,'600690,青岛海尔,9.39,9.45,8.9,9.21,9.08,0.31,3.4141,2.8191,20926884,192015290,11234876052,6970480315
2007/2/5,'600690,青岛海尔,9.08,9.35,8.8,9.2,9.29,-0.21,-2.2605,1.9868,14748658,133474456,10863969601,6740357962
2007/2/2,'600690,青岛海尔,9.29,10.2,9.2,9.9,9.63,-0.34,-3.5306,2.4915,18495086,179643010,11115228810,6896247298
2007/2/1,'600690,青岛海尔,9.63,9.74,9,9.55,9.64,-0.01,-0.1037,3.2545,24159311,228466750,11522029434,7148639556
2007/1/31,'600690,青岛海尔,9.64,10.5,9.54,10.5,10.6,-0.96,-9.0566,3.2305,23981104,240917317,11533994158,7156062858
2007/1/30,'600690,青岛海尔,10.6,11.09,10.55,11.01,10.95,-0.35,-3.1963,2.0495,15213971,164113699,12682607684,7868699823
2007/1/29,'600690,青岛海尔,10.95,10.95,10.45,10.83,10.67,0.28,2.6242,2.6201,19449942,208717322,13101373032,8128515383
2007/1/26,'600690,青岛海尔,10.67,10.95,10.08,10.74,11.01,-0.34,-3.0881,2.6298,19522135,204131531,12766360753,7920662935
2007/1/25,'600690,青岛海尔,11.01,11.8,10.99,11.78,11.85,-0.84,-7.0886,2.5498,18928143,214431597,13173161377,8173055194
2007/1/24,'600690,青岛海尔,11.85,12.1,11.7,12.1,12.1,-0.25,-2.0661,2.9354,21790129,258671372,14178198213,8796612538
2007/1/23,'600690,青岛海尔,12.1,12.4,11.55,11.9,11.81,0.29,2.4555,4.3303,32145116,386526834,14477316318,8982195081
2007/1/22,'600690,青岛海尔,11.81,11.81,10.86,10.88,10.74,1.07,9.9628,4.8826,36244864,414467347,14130339316,8766919331
2007/1/19,'600690,青岛海尔,10.74,10.86,10.22,10.22,10.2,0.54,5.2941,2.5462,18901065,198761359,12850113823,7972626047
2007/1/18,'600690,青岛海尔,10.2,10.88,9.8,10.31,10.32,-0.12,-1.1628,2.7365,20313939,205393754,12204018715,7571767754
2007/1/17,'600690,青岛海尔,10.32,11.24,10.1,10.9,10.87,-0.55,-5.0598,2.8903,21455928,229643588,12347595405,7660847375
2007/1/16,'600690,青岛海尔,10.87,10.98,10.42,10.58,10.46,0.41,3.9197,2.6188,19440060,208494460,13005655238,8069128970
2007/1/15,'600690,青岛海尔,10.46,10.55,9.9,9.95,10.04,0.42,4.1833,2.347,17422708,178705172,12515101545,7764773599
2007/1/12,'600690,青岛海尔,10.04,10.75,10,10.65,10.85,-0.81,-7.4654,2.1583,16021511,165676948,12012583127,7452994927
2007/1/11,'600690,青岛海尔,10.85,11.38,10.67,11,11.1,-0.25,-2.2523,2.015,14957966,164950721,12981725790,8054282366
2007/1/10,'600690,青岛海尔,11.1,11.13,10.25,10.49,10.55,0.55,5.2133,3.1369,23285818,246221519,13280843895,8239864909
2007/1/9,'600690,青岛海尔,10.55,11.15,10.08,10.68,10.6,-0.05,-0.4717,3.0601,22716333,246309215,12622784063,7831583315
2007/1/8,'600690,青岛海尔,10.6,10.78,9.93,9.93,9.9,0.7,7.0707,2.1465,15934058,164954890,12682607684,7868699823
2007/1/5,'600690,青岛海尔,9.9,10.16,9.52,9.7,9.8,0.1,1.0204,2.3058,17116995,170154437,11845076988,7349068703
2007/1/4,'600690,青岛海尔,9.8,10.14,9.28,9.3,9.22,0.58,6.2907,3.4926,25926472,254733995,11725429745,7274835686
